batch_size,num_threads,throughput,avg_batch_time,avg_memory_mb,total_time,samples_processed,num_batches
128,64,62.10002119079955,0.010218222935994467,1190.5,6.183572769165039,384,3
256,64,63.31704369218867,0.01876219113667806,1703.6666666666667,12.129435539245605,768,3
512,64,63.47248625340997,0.02468562126159668,3423.0,24.199461698532104,1536,3
batch_size,num_threads,throughput,avg_batch_time,avg_memory_mb,total_time,samples_processed,num_batches
1024,1024,62.24581954544921,0.03970479965209961,9577.166666666666,49.35271191596985,3072,3
batch_size,num_threads,throughput,avg_batch_time,avg_memory_mb,total_time,samples_processed,num_batches
4096,1024,61.57173046532498,0.1773836612701416,38475.282552083336,199.57210731506348,12288,3
